id;firstname;lastname;fullname;birth_date;gender;code_bi;code_nif;street_address;house_number;location_name;postal_code;main_email;land_phone_number;mobile_phone_number;occupation;preferred_language;username_in_o_auth_2;user_id_in_o_auth_2;custom_attributes_details_json;activation_status;avatar_img;avatar_img_content_type;type_of_person_id
1;although ferociously;fortunate strictly;tomorrow spike;2024-06-09;MALE;queasily ouch;absentmindedly worth;rugby;geez to designer;phew cylindrical effort;so;"dt@m9Q.$ewJN";unnecessarily;pantologist cor;wonderfully sentimentalise;requi;fooey into;wither wrathful till;honeybee;ON_HOLD;../fake-data/blob/hipster.png;image/png;1
2;yowza yum;proportion among;obstacle angelic;2024-06-08;FEMALE;iridescence like;wet;truthful rumor;hence unless;on gee among;fiction f;"Hn@).4dm&)";antelope kind o;purse finding;batch;hands;uselessly;brilliant notch impossible;ponce even uh-huh;INVALID;../fake-data/blob/hipster.png;image/png;2
3;patch down ugh;consequently across encounter;um;2024-06-08;OTHER;psst now;desegregate;unused tell;even;jilt;however a;"n:)r@1%zMt].qy9tr_";wildly ha boo;loosely for nor;frightening;pinto;calm;calmly gosh;behind legitimate before;INVALID;../fake-data/blob/hipster.png;image/png;3
4;unrealistic until;tyrannize;ick since;2024-06-08;OTHER;sadness;between;legitimise;fray;spell designation;drench ex;"0.#Fsw@SIG|:#.~53nzo";supposing whose;failing if how;recondition;versi;delicious crossly ladle;onto uh-huh;once;BLOCKED;../fake-data/blob/hipster.png;image/png;4
5;present rack strictly;kindly judge;mmm twittering phooey;2024-06-08;FEMALE;after;opulent;flowery lotion;separate within gag;sweltering;fooey bla;"|cX7Y}@}2SN0.(";encourage that ;wisely;pan;yippe;times;instead about until;mmm into fuzzy;ACTIVE;../fake-data/blob/hipster.png;image/png;5
6;reward searchingly;incidentally sharply timely;mostly overconfidently;2024-06-09;FEMALE;harass;vet;shield under;jolly opposite sunsh;extreme shortwave email;sweetly g;"ma@[qp>0.X^A";enemy um;positively dish;exhilarate versus composed;worri;provided flatboat;super monthly whoever;weary;PENDENT;../fake-data/blob/hipster.png;image/png;6
7;half gadzooks;humble jolly register;beautifully aged nougat;2024-06-09;FEMALE;beside;pink beyond;spear provided actually;whenever berate;failing;nicely mi;"G@[&|0}:.ULp";ick mutton comm;afore spew;era pasteurise;ornat;often and tomorrow;frightfully;besides absent;ON_HOLD;../fake-data/blob/hipster.png;image/png;7
8;pish yahoo;unsteady address aha;cinnamon;2024-06-09;OTHER;football geez;appropriate;at;worth majestic;terribly than venti;apud qua ;"hq@zOz.{=z6$J";next underneath;onto afore on;mole;weigh;graft pertinent why;chapel incidentally aw;truly hmph;INACTIVE;../fake-data/blob/hipster.png;image/png;8
9;knavishly phew;about;dependent suffer;2024-06-09;FEMALE;inbox guidance overt;overextend;hopeful amongst;poorly uh-huh;furthermore taxi outside;favorable;"4EPsN@kNl..-";regarding;until;excepting;skysc;bide;indeed bleakly;joshingly whenever that;PENDENT;../fake-data/blob/hipster.png;image/png;9
10;quirkily painfully ew;of;since;2024-06-08;OTHER;spice yowza strict;likewise save;prudent yuck aha;after weary midst;corner astride;as;")@m>a.<";dismal regardin;damp;mmm;boo;inasmuch;ha;those;ON_HOLD;../fake-data/blob/hipster.png;image/png;10
